Model,MAE,RMSE,MAPE,Forecast M1,Forecast M2,Forecast M3
SARIMA,19244.49,19950.07,20.53,46782.48,40285.47,72234.2
Prophet,20296.01,22487.47,21.89,42548.14,33310.13,80304.67
XGBoost,18868.32,21480.53,19.1,43942.98828125,34364.96875,52143.98828125
